title,company,location,description,created,category,clean_description
Data Scientist,eTeam,"Veldhoven, Noord-Brabant","Role: Data Scientists Salary : 103k per annum  holidays Contract Position Duration : 11-Aug-2025 - 28-Feb-2026 Remote in the Netherlands with a Valid work visa Description: You will work in Data & Analytics together with other Data Scientists, Data Engineers, Data Analysts, Machine Learning Engineers, Data Stewards and Data Architects. Together you will be joining cross-functional teams consisting of colleagues from Technology, Product and Design from the business domain of Business Support. We…",2025-07-31T22:44:49Z,Data Engineer,role data scientists salary per annum holidays contract position duration remote in the netherlands with a valid work visa description you will work in data analytics together with other data scientists data engineers data analysts machine learning engineers data stewards and data architects together you will be joining crossfunctional teams consisting of colleagues from technology product and design from the business domain of business support
Data Architectuur Specialist (Data Modelleur / Data Architect),CIMSOLUTIONS,"Veldhoven, Noord-Brabant","Als Data Architectuur Specialist ben je verantwoordelijk voor het ontwerpen, ontwikkelen, beheren en implementeren van datamodellen en de data-architectuur bij of voor onze gerenommeerde klanten waaronder Belastingdienst, Gemeente Den Haag, diverse ministeries, Centraal Justitieel Incassobureau of VGZ. Afhankelijk van het ervaringsniveau ligt de focus op verschillende aspecten van datamodellering en data-architectuur. Waarom past deze vacature bij jou? Als Data Architectuur Specialist speel jij…",2025-07-09T07:11:50Z,Data Engineer,als data architectuur specialist ben je verantwoordelijk voor het ontwerpen ontwikkelen beheren en implementeren van datamodellen en de dataarchitectuur bij of voor onze gerenommeerde klanten waaronder belastingdienst gemeente den haag diverse ministeries centraal justitieel incassobureau of vgz afhankelijk van het ervaringsniveau ligt de focus op verschillende aspecten van datamodellering en dataarchitectuur waarom past deze vacature bij jou als data architectuur specialist speel
Lead Data Lifecycle Management,ASML,"Veldhoven, Noord-Brabant","Introduction to the job Data is a team sport. Join us to unlock the value of data at ASML. The increasing data needs in the ASML ecosystem present both challenges and opportunities, such as enabling operations, enhancing decision-making, and improving product performance. Data creation and usage involve everyone in this process. The Chief Data Office (CDO) aims to support ASML in utilizing data for cost-efficient and sustainable growth. The Lead Data Lifecycle Management will be part of the CDO…",2025-07-01T13:09:20Z,Data Engineer,introduction to the job data is a team sport join us to unlock the value of data at asml the increasing data needs in the asml ecosystem present both challenges and opportunities such as enabling operations enhancing decisionmaking and improving product performance data creation and usage involve everyone in this process the chief data office cdo aims to support asml in utilizing data for costefficient and sustainable growth the lead data lifecycle management will be part of the
Lead Data Quality Management,ASML,"Veldhoven, Noord-Brabant","Introduction to the job Data is a team sport. Join us to accelerate the value of data at ASML. The growing data needs at ASML present significant challenges and opportunities, from enabling operations and enhancing decision-making to improving product performance and surfacing data value for customers and suppliers. Everyone creates and uses data; we all play a part in this journey. Building on past achievements, the Chief Data Office (CDO) aims to support and enable the organization to leverag…",2025-07-01T13:09:20Z,Data Engineer,introduction to the job data is a team sport join us to accelerate the value of data at asml the growing data needs at asml present significant challenges and opportunities from enabling operations and enhancing decisionmaking to improving product performance and surfacing data value for customers and suppliers everyone creates and uses data we all play a part in this journey building on past achievements the chief data office cdo aims to support and enable the organization to
Recruitment Consultant,Orange Quarter,"Veldhoven, Noord-Brabant","Orange Quarter is looking for a Recruitment Consultant to join a high performing team recruitment team in Amsterdam. We work with some of Amsterdam's best-known startups and scale ups to help them hire across AI, Data, Software Engineering and Product. As a Recruitment Consultant, you might not have previous recruitment experience however, the ideal candidate will at least have a strong understanding of sales and relationship building. You will need to be confident in building relationships, wh…",2025-08-01T03:01:23Z,Data Engineer,orange quarter is looking for a recruitment consultant to join a high performing team recruitment team in amsterdam we work with some of amsterdams bestknown startups and scale ups to help them hire across ai data software engineering and product as a recruitment consultant you might not have previous recruitment experience however the ideal candidate will at least have a strong understanding of sales and relationship building you will need to be confident in building relationships
Customer Success Manager- AI/Cancer Care,Invenex Search,"Veldhoven, Noord-Brabant","Customer success manager This role should be focused on onboarding early adopters, driving successful implementation, and ensuring clinical users get value from our early products. Location Netherlands Overview - A mid-to-senior operator with strong delivery instincts - Reporting to the Head of Commercial, working closely with product and delivery teams - Acts as the frontline lead for early adopter onboarding, pilot delivery, and ongoing support - Translates product usage into measurable value…",2025-07-31T22:45:59Z,Data Engineer,customer success manager this role should be focused on onboarding early adopters driving successful implementation and ensuring clinical users get value from our early products location netherlands overview a midtosenior operator with strong delivery instincts reporting to the head of commercial working closely with product and delivery teams acts as the frontline lead for early adopter onboarding pilot delivery and ongoing support translates product usage into measurable
Data Strategy Manager,ASML,"Veldhoven, Noord-Brabant","Data is a Team sport. Join us to accelerate the value of data at ASML. The growing massive needs of the ASML ecosystem around data present phenomenal challenges and opportunities. From enabling operations to enhancing decision-making, from improving our products' performance to surfacing the value of data itself for our customers and suppliers. We all create data, we all use data, we are all actors on this journey. Building on previous achievements, the Chief Data Office (CDO) is stepping up to…",2025-07-01T13:09:20Z,Data Engineer,data is a team sport join us to accelerate the value of data at asml the growing massive needs of the asml ecosystem around data present phenomenal challenges and opportunities from enabling operations to enhancing decisionmaking from improving our products performance to surfacing the value of data itself for our customers and suppliers we all create data we all use data we are all actors on this journey building on previous achievements the chief data office cdo is stepping up
Lead Data Partner,ASML,"Veldhoven, Noord-Brabant","Introduction Data is a team sport. Join us to accelerate the value of data at ASML. The growing needs of the ASML ecosystem around data present phenomenal challenges and opportunities, from enabling operations to enhancing decision-making, improving product performance, and surfacing the value of data for our customers and suppliers. We all create and use data, and we are all actors on this journey. Building on previous achievements, the Chief Data Office (CDO) is stepping up to support and ena…",2025-07-15T12:55:35Z,Data Engineer,introduction data is a team sport join us to accelerate the value of data at asml the growing needs of the asml ecosystem around data present phenomenal challenges and opportunities from enabling operations to enhancing decisionmaking improving product performance and surfacing the value of data for our customers and suppliers we all create and use data and we are all actors on this journey building on previous achievements the chief data office cdo is stepping up to support and
Master/PhD in Computer Science,Innodata Inc.,"Veldhoven, Noord-Brabant","Job Title: AI Trainer (LLM Training – Computer Science Domain) Location: Remote About the Role: We are seeking highly qualified individuals with a Master’s or PhD in Computer Science to join our AI development team as AI Trainers . In this role, you will use your deep technical knowledge to evaluate, annotate, and provide structured feedback on AI-generated content produced by Large Language Models (LLMs). Your expertise will bring a level of precision, technical depth, and computational reason…",2025-07-23T19:03:04Z,Data Engineer,job title ai trainer llm training computer science domain location remote about the role we are seeking highly qualified individuals with a or phd in computer science to join our ai development team as ai trainers in this role you will use your deep technical knowledge to evaluate annotate and provide structured feedback on aigenerated content produced by large language models llms your expertise will bring a level of precision technical depth and computational
Senior Data Scientist / Machine Learning Expert,ASML,"Veldhoven, Noord-Brabant","Are you the experienced data Introduction Are you the experienced datascientist that can generate actionable insights from Big Data by advancedmodeling? Are you able to identify, develop and apply the most effective and robust machinelearning approach to analyze complex machine data and apply the results toimprove performance and diagnostics capabilities? Do you consider it part ofyour job to inspire others and share your knowledge with your colleagues, thenread on Job Mission As a Senior Data …",2023-12-18T12:35:47Z,Data Engineer,are you the experienced data introduction are you the experienced datascientist that can generate actionable insights from big data by advancedmodeling are you able to identify develop and apply the most effective and robust machinelearning approach to analyze complex machine data and apply the results toimprove performance and diagnostics capabilities do you consider it part ofyour job to inspire others and share your knowledge with your colleagues thenread on job mission as a senior data
Research Scientist - Physical Modelling of Light Sources,ASML,"Veldhoven, Noord-Brabant","Introduction At ASML Research, everyone is part of a multidisciplinary team. Physicists, data scientists, chemical engineers, metrology experts and more – all working together in different teams to crack a particular challenge. Each team member brings a different set of skills to attack technical challenges from different angles. The result? Incredibly imaginative breakthroughs at the cutting edge of engineering. ASML Research is currently looking for an expert in extreme light generation and h…",2025-05-30T08:11:03Z,Data Engineer,introduction at asml research everyone is part of a multidisciplinary team physicists data scientists chemical engineers metrology experts and more all working together in different teams to crack a particular challenge each team member brings a different set of skills to attack technical challenges from different angles the result incredibly imaginative breakthroughs at the cutting edge of engineering asml research is currently looking for an expert in extreme light generation and
Configuration Management Expert,ASML,"Veldhoven, Noord-Brabant","The Configuration Management team manages global configuration information, enabling ASML to achieve excellent delivery performance at minimum cost. It creates and controls m Introduction: The Configuration Management team manages global configuration information, enabling ASML to achieve excellent delivery performance at minimum cost. It creates and controls machine configurations and related master data for ASML's Development & Engineering, Supply Chain Management, Manufacturing and Customer …",2023-12-18T12:35:48Z,Data Engineer,the configuration management team manages global configuration information enabling asml to achieve excellent delivery performance at minimum cost it creates and controls m introduction the configuration management team manages global configuration information enabling asml to achieve excellent delivery performance at minimum cost it creates and controls machine configurations and related master data for asmls development engineering supply chain management manufacturing and customer
Configuration Management Expert,ASML,"Veldhoven, Noord-Brabant","Fast market introduction of ASMLs newest technologies requires state of the art teamwork by all disciplines. Smooth implementation of new and changed hardware Introduction Fast market introduction of ASML’s newest technologies requires state of the art teamwork by all disciplines. Smooth implementation of new and changed hardware, introduced on a daily basis, is crucial for the business. This requires an effective process, coordinating the change requests through the product life cycle and secu…",2023-12-18T12:35:46Z,Data Engineer,fast market introduction of asmls newest technologies requires state of the art teamwork by all disciplines smooth implementation of new and changed hardware introduction fast market introduction of newest technologies requires state of the art teamwork by all disciplines smooth implementation of new and changed hardware introduced on a daily basis is crucial for the business this requires an effective process coordinating the change requests through the product life cycle and
Configuration Status Accounting Business Manager,ASML,"Veldhoven, Noord-Brabant","Fast market introduction of ASMLs Introduction Fast market introduction of ASML’snewest technologies requires state of the art teamwork by all disciplines. Smooth implementation of new and changed hardware and software, introduced on a daily basis, is crucial for our business. This requires an effective and efficient process, coordinating the change requests through the product lifecycle and securing the efficiency and profitability of ASML’s business. Our ‘product change process’ is currently …",2023-12-18T12:35:46Z,Data Engineer,fast market introduction of asmls introduction fast market introduction of technologies requires state of the art teamwork by all disciplines smooth implementation of new and changed hardware and software introduced on a daily basis is crucial for our business this requires an effective and efficient process coordinating the change requests through the product lifecycle and securing the efficiency and profitability of business our change is currently
Senior Hadoop Engineer,ASML,"Veldhoven, Noord-Brabant","Can you independently function as the IT Hadoop lead developer and coach teammembers in our Machine data valuestream? Introduction Can you independently function as the IT Hadoop lead developer and coach teammembers in our Machine data valuestream? If “yes” then we want to talk to you Job Mission We provide high quality innovative machine data solutions, that enable ASML, its customers and suppliers to develop their products and services. Job Description ASML is looking for a senior Hadoop deve…",2023-12-18T12:35:48Z,Data Engineer,can you independently function as the it hadoop lead developer and coach teammembers in our machine data valuestream introduction can you independently function as the it hadoop lead developer and coach teammembers in our machine data valuestream if then we want to talk to you job mission we provide high quality innovative machine data solutions that enable asml its customers and suppliers to develop their products and services job description asml is looking for a senior hadoop
Service Products and Infrastructure Architect,ASML,"Veldhoven, Noord-Brabant","ASML delivers advanced lithographic equipment for the semiconductor industry. To minimize costly downtime of these complex machines, our chip manufacturing customers are typi Introduction ASML delivers advanced lithographic equipment for the semiconductor industry. To minimize costly downtime of these complex machines, our chip manufacturing customers are typically supported 24/7 by ASML field service engineers. Their task is to effectively diagnose and repair equipment failures. Job Mission To…",2023-12-18T12:35:46Z,Data Engineer,asml delivers advanced lithographic equipment for the semiconductor industry to minimize costly downtime of these complex machines our chip manufacturing customers are typi introduction asml delivers advanced lithographic equipment for the semiconductor industry to minimize costly downtime of these complex machines our chip manufacturing customers are typically supported by asml field service engineers their task is to effectively diagnose and repair equipment failures job mission
Senior Data Scientist / Machine Learning Expert,ASML,"Veldhoven, Noord-Brabant","Are you the experienced data Introduction Are you the experienced datascientist that can generate actionable insights from Big Data by advancedmodeling? Are you able to identify, develop and apply the most effective and robust machinelearning approach to analyze complex machine data and apply the results toimprove performance and diagnostics capabilities? Do you consider it part ofyour job to inspire others and share your knowledge with your colleagues, thenread on Job Mission As a Senior Data …",2023-12-18T12:35:47Z,Machine Learning,are you the experienced data introduction are you the experienced datascientist that can generate actionable insights from big data by advancedmodeling are you able to identify develop and apply the most effective and robust machinelearning approach to analyze complex machine data and apply the results toimprove performance and diagnostics capabilities do you consider it part ofyour job to inspire others and share your knowledge with your colleagues thenread on job mission as a senior data
Data Science and Machine Learning Internship,ASML,"Veldhoven, Noord-Brabant","We make machines that make chips the hearts Introduction We make machines that make chips – the heartsof the devices that keep us informed, entertained and safe; that improve ourquality of life and help to tackle the world’s toughest problems. We build some of the most amazing machines thatyou will ever see, and the software to run them. Never satisfied, we measureour performance in units that begin with pico or nano. We believe we canalways do better. We believe the winning idea can come from …",2023-12-18T12:35:47Z,Machine Learning,we make machines that make chips the hearts introduction we make machines that make chips the heartsof the devices that keep us informed entertained and safe that improve ourquality of life and help to tackle the toughest problems we build some of the most amazing machines thatyou will ever see and the software to run them never satisfied we measureour performance in units that begin with pico or nano we believe we canalways do better we believe the winning idea can come from
Data Scientist,eTeam,"Veldhoven, Noord-Brabant","Role: Data Scientists Salary : 103k per annum  holidays Contract Position Duration : 11-Aug-2025 - 28-Feb-2026 Remote in the Netherlands with a Valid work visa Description: You will work in Data & Analytics together with other Data Scientists, Data Engineers, Data Analysts, Machine Learning Engineers, Data Stewards and Data Architects. Together you will be joining cross-functional teams consisting of colleagues from Technology, Product and Design from the business domain of Business Support. We…",2025-07-31T22:44:49Z,Machine Learning,role data scientists salary per annum holidays contract position duration remote in the netherlands with a valid work visa description you will work in data analytics together with other data scientists data engineers data analysts machine learning engineers data stewards and data architects together you will be joining crossfunctional teams consisting of colleagues from technology product and design from the business domain of business support
Graduation assignment: Finding patterns in scanner data for wafer output optimization,ASML,"Veldhoven, Noord-Brabant","Are you curious about searching and finding the pros and cons of the High Performance Cluster and KNIME software in collaboration with ASML employees to build machine learning mode Introduction Are you curious about searching and finding the pros and cons of the High Performance Cluster and KNIME software in collaboration with ASML employees to build machine learning models? Then this graduation assignment could be interesting for you. Job Mission ASML designs, develops and integrates markets a…",2023-12-18T12:35:50Z,Machine Learning,are you curious about searching and finding the pros and cons of the high performance cluster and knime software in collaboration with asml employees to build machine learning mode introduction are you curious about searching and finding the pros and cons of the high performance cluster and knime software in collaboration with asml employees to build machine learning models then this graduation assignment could be interesting for you job mission asml designs develops and integrates markets
Operations Performance Analyst,ASML,"Veldhoven, Noord-Brabant",Are you challenged: By improving processes based on Performance analytics?-By applying AI and BI technologies to improve process efficiency?-By being the front runner i Introduction Are you challenged: -By improving processes based on Performance analytics? -By applying AI and BI technologies to improve process efficiency? -By being the front runner in applying Performance analytics in our processes? -By generating actionable insights from Big Data by advanced modeling? -By inspiring others and…,2023-12-18T12:35:46Z,Machine Learning,are you challenged by improving processes based on performance analyticsby applying ai and bi technologies to improve process efficiencyby being the front runner i introduction are you challenged by improving processes based on performance analytics by applying ai and bi technologies to improve process efficiency by being the front runner in applying performance analytics in our processes by generating actionable insights from big data by advanced modeling by inspiring others
Senior Java Developer,ASML,"Veldhoven, Noord-Brabant","When people think software, they often think of companies like Google or Microsoft. Even though ASML is classified as a hardware company, we in fact have one of the worlds large Introduction When people think ‘software’, they often think of companies like Google or Microsoft. Even though ASML is classified as a hardware company, we, in fact, have one of the world´s largest and most pioneering Java communities. The ASML Java environment is extremely attractive for prospective Java engineers beca…",2023-12-18T12:35:49Z,Machine Learning,when people think software they often think of companies like google or microsoft even though asml is classified as a hardware company we in fact have one of the worlds large introduction when people think they often think of companies like google or microsoft even though asml is classified as a hardware company we in fact have one of the largest and most pioneering java communities the asml java environment is extremely attractive for prospective java engineers
Python Developer,Signify Technology,"Veldhoven, Noord-Brabant","Remote (UK/EU) | £500 a day | 6 Months | Outside IR35 | Start ASAP Backend Engineer Contractor Python / AI Developer We’re supporting an early-stage, AI-first startup backed. They’re building smart using LLM-powered tools and looking for a seasoned Python backend contractor to help scale things up and ship fast. What You’ll Be Doing: Building backend systems with Python Integrating ML tools (LangChain, LlamaIndex, etc.) Working closely with product and design Shipping clean, scalable code in a …",2025-07-09T07:12:16Z,Backend Developer,remote ukeu a day months outside start asap backend engineer contractor python ai developer supporting an earlystage aifirst startup backed building smart using llmpowered tools and looking for a seasoned python backend contractor to help scale things up and ship fast what be doing building backend systems with python integrating ml tools langchain llamaindex etc working closely with product and design shipping clean scalable code in a
DevOps Engineer,Cross Border Talents,"Veldhoven, Noord-Brabant","Currently, Cross Border Talents are in search of a DevOps Engineer for one of our clients in the Netherlands. The company in question is a renowned Dutch agency specialized in the recruitment and relocation of technical specialists for the Netherlands. Some of the names they work with include clients like ASML, VDL, DAF Trucks, Siemens and many more. For one of their projects for a company which is an international innovation leader in the semiconductor industry, they are looking for a DevOps E…",2023-04-09T18:13:14Z,DevOps,currently cross border talents are in search of a devops engineer for one of our clients in the netherlands the company in question is a renowned dutch agency specialized in the recruitment and relocation of technical specialists for the netherlands some of the names they work with include clients like asml vdl daf trucks siemens and many more for one of their projects for a company which is an international innovation leader in the semiconductor industry they are looking for a devops
Software Development Tools Specialist (DevOps),ASML,"Veldhoven, Noord-Brabant","We are looking for a medior/senior Software Development Tools Specialist, a person who can take up hands-on technical lead for different tools facilitating. Introduction We are looking for a medior/senior Software Development Tools Specialist, a person who can take up hands-on technical lead for different tools facilitating for the so-called EUV Source software development environment. Job Mission Maintain and modify the implementation of tools and way of working for the EUV Source environment,…",2023-12-18T12:35:50Z,DevOps,we are looking for a mediorsenior software development tools specialist a person who can take up handson technical lead for different tools facilitating introduction we are looking for a mediorsenior software development tools specialist a person who can take up handson technical lead for different tools facilitating for the socalled euv source software development environment job mission maintain and modify the implementation of tools and way of working for the euv source
Full Stack Engineer,Square One Resources,"Veldhoven, Noord-Brabant","Are you passionate about solving complex problems with clean, scalable code? Do you thrive in a dynamic, project-based environment where learning never stops? We’re looking for an experienced Full stack Developer to join our clients growing team of dedicated professionals hybrid in The Randstad. At their core, they develop full-stack Java-based solutions for a wide range of clients—from startups to established enterprises. Their projects are driven by data, powered by predictive algorithms, and…",2025-08-01T03:02:08Z,DevOps,are you passionate about solving complex problems with clean scalable code do you thrive in a dynamic projectbased environment where learning never stops looking for an experienced full stack developer to join our clients growing team of dedicated professionals hybrid in the randstad at their core they develop fullstack javabased solutions for a wide range of startups to established enterprises their projects are driven by data powered by predictive algorithms
Generative AI Architect - Freelance,Cognitive Group | Part of the Focus Cloud Group,"Veldhoven, Noord-Brabant","GenAI Architect Role Overview: This role focuses on designing and implementing the end-to-end GenAI architecture, from LLM integration to deployment and scaling. The architect will not manage products but instead focus on technical leadership, especially in integrating GenAI systems into hyperscaler environments with enterprise-grade scalability and performance. Key Responsibilities: Lead the technical design and system architecture for GenAI solutions, including: LLM hosting/inference strategi…",2025-08-01T02:59:58Z,DevOps,genai architect role overview this role focuses on designing and implementing the endtoend genai architecture from llm integration to deployment and scaling the architect will not manage products but instead focus on technical leadership especially in integrating genai systems into hyperscaler environments with enterprisegrade scalability and performance key responsibilities lead the technical design and system architecture for genai solutions including llm hostinginference
Remote Business Central Developer,LikeMind Recruitment,"Veldhoven, Noord-Brabant","Business Central Developer (m/f/d) – Hybrid, Netherlands Exciting news Our client is hiring! They’re a well-established IT solutions provider specialising in Microsoft Dynamics 365 Business Central and related Microsoft technologies, including Power Platform, Azure, and Office 365. They deliver development, project implementation, and customised ERP solutions for mid-sized businesses and enterprises across the Benelux. With a focus on growth and innovation, they’re now looking to bring a full-t…",2025-08-01T03:00:40Z,DevOps,business central developer mfd hybrid netherlands exciting news our client is hiring a wellestablished it solutions provider specialising in microsoft dynamics business central and related microsoft technologies including power platform azure and office they deliver development project implementation and customised erp solutions for midsized businesses and enterprises across the benelux with a focus on growth and innovation now looking to bring a
Data Scientist,eTeam,"Veldhoven, Noord-Brabant","Role: Data Scientists Salary : 103k per annum  holidays Contract Position Duration : 11-Aug-2025 - 28-Feb-2026 Remote in the Netherlands with a Valid work visa Description: You will work in Data & Analytics together with other Data Scientists, Data Engineers, Data Analysts, Machine Learning Engineers, Data Stewards and Data Architects. Together you will be joining cross-functional teams consisting of colleagues from Technology, Product and Design from the business domain of Business Support. We…",2025-07-31T22:44:49Z,DevOps,role data scientists salary per annum holidays contract position duration remote in the netherlands with a valid work visa description you will work in data analytics together with other data scientists data engineers data analysts machine learning engineers data stewards and data architects together you will be joining crossfunctional teams consisting of colleagues from technology product and design from the business domain of business support
C#.NET Developer,Ndus3,"Veldhoven, Noord-Brabant","Je wil je ontwikkelen, net als wij. Groeien en zoveel mogelijk ervaring opdoen, zodat je de beste punten eruit mee kunt nemen en kunt gebruiken om je ambities waar te maken. Dat vinden wij leuk man! Dus gaan wij jou helpen met onbeperkt leren, ja dat staat er echt. Daarnaast gaan we ervoor zorgen dat je je hier helemaal thuis voelt. Wij zijn op zoek naar een C#.NET Software Developer die enthousiast is en zowel goed in teamverband als zelfstandig kan werken. Je wordt onderdeel van het ontwikkel…",2025-07-23T19:03:16Z,DevOps,je wil je ontwikkelen net als wij groeien en zoveel mogelijk ervaring opdoen zodat je de beste punten eruit mee kunt nemen en kunt gebruiken om je ambities waar te maken dat vinden wij leuk man dus gaan wij jou helpen met onbeperkt leren ja dat staat er echt daarnaast gaan we ervoor zorgen dat je je hier helemaal thuis voelt wij zijn op zoek naar een cnet software developer die enthousiast is en zowel goed in teamverband als zelfstandig kan werken je wordt onderdeel van het
Platform Engineer,Bizzdesign,"Veldhoven, Noord-Brabant","Are you looking for an exciting opportunity within a dynamic international company making an impact globally? We might have the perfect match for you! Who are we? Bizzdesign is a SaaS company with 25 years in the Enterprise Architecture and Strategic Portfolio Management industries, with our HQ in Enschede. Our platform helps large enterprises, including Fortune 500 companies, make better decisions through Enterprise Architecture. We recently acquired Alfabet and MEGA International, expanding o…",2025-07-09T07:11:38Z,DevOps,are you looking for an exciting opportunity within a dynamic international company making an impact globally we might have the perfect match for you who are we bizzdesign is a saas company with years in the enterprise architecture and strategic portfolio management industries with our hq in enschede our platform helps large enterprises including fortune companies make better decisions through enterprise architecture we recently acquired alfabet and mega international expanding
VDI Engineer,ASML,"Veldhoven, Noord-Brabant","Introduction to the job The role will be situated in the Agile Release Train below: Digital Workplace (DW) Digital Workplace provides workplace services for ASML staff world-wide as well as to 3rd party Suppliers. This includes laptops, special purpose devices, mobile device management, worldwide virtual desktops and Collaboration & Productivity services such as Office 365, Webcast, Intranet & Search and various other collaboration tools As VDI Engineer you're co-responsible for the operational…",2025-07-31T09:10:59Z,DevOps,introduction to the job the role will be situated in the agile release train below digital workplace dw digital workplace provides workplace services for asml staff worldwide as well as to party suppliers this includes laptops special purpose devices mobile device management worldwide virtual desktops and collaboration productivity services such as office webcast intranet search and various other collaboration tools as vdi engineer youre coresponsible for the
Senior Java Developer,Cross Border Talents,"Veldhoven, Noord-Brabant","Currently, Cross Border Talents are in search of a Senior Java Developer for one of our clients in the Netherlands. The company in question is a renowned Dutch agency specialized in the recruitment and relocation of technical specialists for the Netherlands. Some of the names they work with include clients like ASML, VDL, DAF Trucks, Siemens and many more. For one of their projects for an international innovation leader in the semiconductor industry, they are looking for a Java Developer. You’l…",2023-05-02T16:48:45Z,DevOps,currently cross border talents are in search of a senior java developer for one of our clients in the netherlands the company in question is a renowned dutch agency specialized in the recruitment and relocation of technical specialists for the netherlands some of the names they work with include clients like asml vdl daf trucks siemens and many more for one of their projects for an international innovation leader in the semiconductor industry they are looking for a java developer
Security Engineer Firewall,Simac,"Veldhoven, Noord-Brabant","Wat jij gaat doen Neem jij jouw diploma binnenkort in handen of heb je nu net een tussenjaar gehad? Dan hebben we een leuke plek voor jou bij onze security afdeling! Als kloppend hart van een organisatie is de beveiliging middels firewalling een key positie! Grote namen zoals Jumbo, Primera, PSV, een tal van zorgklanten en nog veel meer vallen onder jouw hoede, samen met je collega’s. Als Security Engineer bij Simac zorg jij voor de veiligheid van onze IT-dienstverlening. Je werkt nauw samen me…",2025-04-06T05:51:58Z,DevOps,wat jij gaat doen neem jij jouw diploma binnenkort in handen of heb je nu net een tussenjaar gehad dan hebben we een leuke plek voor jou bij onze security afdeling als kloppend hart van een organisatie is de beveiliging middels firewalling een key positie grote namen zoals jumbo primera psv een tal van zorgklanten en nog veel meer vallen onder jouw hoede samen met je als security engineer bij simac zorg jij voor de veiligheid van onze itdienstverlening je werkt nauw samen
Software Engineer (Remote) - Java/Angular,Doghouse Recruitment,"Veldhoven, Noord-Brabant","Full-Stack Engineer · Java/Spring Boot & Angular · Remote Europe · Up To €65K  Benefits Are you a hands-on engineer who enjoys building useful products and solving real problems for modern, distributed teams? Want to work in a fast-moving SaaS environment that values flexibility, ownership, and async communication? Join a fully remote company that’s redefining how global teams handle business travel and employee mobility. With products already live in Vacations, Business Travel, and Visas, they…",2025-08-01T02:59:35Z,DevOps,fullstack engineer javaspring boot angular remote europe up to benefits are you a handson engineer who enjoys building useful products and solving real problems for modern distributed teams want to work in a fastmoving saas environment that values flexibility ownership and async communication join a fully remote company redefining how global teams handle business travel and employee mobility with products already live in vacations business travel and visas
IGA Developer,Axiom Software Solutions Limited,"Veldhoven, Noord-Brabant",Job Mission As IGA Developer with strong consultancy skills and competences you are part of an Agile team responsible for the development and configuration of our IAM IGA tools. You are owning the technical design of IGA in the IAM landscape and as such you are taking the technical lead in the development of IGA in ASML while supporting the onboarding of applications and other changes and automation based on standardization. All of this includes guidance to an offshore team. The IGA Developer w…,2025-04-07T19:52:35Z,DevOps,job mission as iga developer with strong consultancy skills and competences you are part of an agile team responsible for the development and configuration of our iam iga tools you are owning the technical design of iga in the iam landscape and as such you are taking the technical lead in the development of iga in asml while supporting the onboarding of applications and other changes and automation based on standardization all of this includes guidance to an offshore team the iga developer
Cryptography Developer,Axiom Software Solutions Limited,"Veldhoven, Noord-Brabant","As a Crypto Engineer with strong consultancy skills and competences, you are part of a Scrum Team (SAFe) managing and operating our IAM Crypto landscape. The Crypto environment is newly setup within the IAM. Originally it was “only“ PKI, Key-Management is now added and we are working on implementing a new CLM. The team is owning the technical design, development and operation of cryptography and everything related to certificates. Automation is a key strategy of ASML IT, enhanced by self-servic…",2025-04-08T10:50:09Z,DevOps,as a crypto engineer with strong consultancy skills and competences you are part of a scrum team safe managing and operating our iam crypto landscape the crypto environment is newly setup within the iam originally it was pki keymanagement is now added and we are working on implementing a new clm the team is owning the technical design development and operation of cryptography and everything related to certificates automation is a key strategy of asml it enhanced by
Product Manager,GS1,"Veldhoven, Noord-Brabant","GS1 offers a portfolio of services and tools to make the adoption of our standards for industry easier and more impactful. The Product Manager GS1 Data Services will be responsible for delivering GS1 Data Services towards the product vision of the GS1 Federation. The position will have a global responsibility for all product-related aspects. As the Product Manager, you combine strategic thinking with a strong focus on execution for delivering outstanding product experiences that achieve organis…",2025-08-01T03:01:49Z,DevOps,offers a portfolio of services and tools to make the adoption of our standards for industry easier and more impactful the product manager data services will be responsible for delivering data services towards the product vision of the federation the position will have a global responsibility for all productrelated aspects as the product manager you combine strategic thinking with a strong focus on execution for delivering outstanding product experiences that achieve
Teamcenter Security Architect/Technical Lead,ASML,"Veldhoven, Noord-Brabant","Introduction to the job Our PLM and Configuration Management department is responsible for delivering solutions that push the limits of technology to unlock the business value of digital design and Product Lifecycle Management (PLM). We deliver cutting-edge PLM solutions to solve some of ASML’s toughest challenges. Together with our partners, and based on global best practices, we deliver the digital foundation of product innovation. In this role you'll be the bridge between the PLM functional …",2025-07-01T13:09:20Z,DevOps,introduction to the job our plm and configuration management department is responsible for delivering solutions that push the limits of technology to unlock the business value of digital design and product lifecycle management plm we deliver cuttingedge plm solutions to solve some of toughest challenges together with our partners and based on global best practices we deliver the digital foundation of product innovation in this role youll be the bridge between the plm functional
Solution Architect - Microsoft D365 F&O (Remote),HEF associates,"Veldhoven, Noord-Brabant","For a trusted client, we are looking for a Solution Architect to join a young growing scaleup who is active in a niche market for which they developed a market specific solution. The solution is the best solution available within this specific market and because they are getting more traction, they are needing to grow the team. Our client is growing throughout the whole of Europe, and has a remote team working from a variety of countries which means this job is remote with travel to clients thr…",2025-07-17T08:08:28Z,DevOps,for a trusted client we are looking for a solution architect to join a young growing scaleup who is active in a niche market for which they developed a market specific solution the solution is the best solution available within this specific market and because they are getting more traction they are needing to grow the team our client is growing throughout the whole of europe and has a remote team working from a variety of countries which means this job is remote with travel to clients
Cloud Infrastructure Engineer,BDO,"Veldhoven, Noord-Brabant","About BDO BDO is the leading mid-tier professional services provider globally. In 2024, our core service lines (Audit & Assurance, Tax, Advisory, and Business Services & Outsourcing) generated annual revenues of over US$15 billion. With a worldwide community of over 119k professionals operating in 166 countries and territories, we’re dedicated to helping our clients navigate complex financial and strategic challenges, aligned to our core purpose ‘ People helping people. ’ Why join us? A great p…",2025-06-12T22:07:03Z,DevOps,about bdo bdo is the leading midtier professional services provider globally in our core service lines audit assurance tax advisory and business services outsourcing generated annual revenues of over billion with a worldwide community of over professionals operating in countries and territories dedicated to helping our clients navigate complex financial and strategic challenges aligned to our core purpose people helping people why join us a great
Data Scientist,eTeam,"Veldhoven, Noord-Brabant","Role: Data Scientists Salary : 103k per annum  holidays Contract Position Duration : 11-Aug-2025 - 28-Feb-2026 Remote in the Netherlands with a Valid work visa Description: You will work in Data & Analytics together with other Data Scientists, Data Engineers, Data Analysts, Machine Learning Engineers, Data Stewards and Data Architects. Together you will be joining cross-functional teams consisting of colleagues from Technology, Product and Design from the business domain of Business Support. We…",2025-07-31T22:44:49Z,Data Analyst,role data scientists salary per annum holidays contract position duration remote in the netherlands with a valid work visa description you will work in data analytics together with other data scientists data engineers data analysts machine learning engineers data stewards and data architects together you will be joining crossfunctional teams consisting of colleagues from technology product and design from the business domain of business support
Data Architectuur Specialist (Data Modelleur / Data Architect),CIMSOLUTIONS,"Veldhoven, Noord-Brabant","Als Data Architectuur Specialist ben je verantwoordelijk voor het ontwerpen, ontwikkelen, beheren en implementeren van datamodellen en de data-architectuur bij of voor onze gerenommeerde klanten waaronder Belastingdienst, Gemeente Den Haag, diverse ministeries, Centraal Justitieel Incassobureau of VGZ. Afhankelijk van het ervaringsniveau ligt de focus op verschillende aspecten van datamodellering en data-architectuur. Waarom past deze vacature bij jou? Als Data Architectuur Specialist speel jij…",2025-07-09T07:11:50Z,Data Analyst,als data architectuur specialist ben je verantwoordelijk voor het ontwerpen ontwikkelen beheren en implementeren van datamodellen en de dataarchitectuur bij of voor onze gerenommeerde klanten waaronder belastingdienst gemeente den haag diverse ministeries centraal justitieel incassobureau of vgz afhankelijk van het ervaringsniveau ligt de focus op verschillende aspecten van datamodellering en dataarchitectuur waarom past deze vacature bij jou als data architectuur specialist speel
Data and Use-Case Analyst – SupTech Solutions,NTU International A/S,"Veldhoven, Noord-Brabant","Data and Use-Case Analyst – SupTech Solutions Location: Europe Duration: Short- to medium-term Estimated Workload: Short-term assignments / task-based consultancy About the Opportunity: We are creating a pool of Data and Use-Case Analysts – SupTech Solutions for a new FWC Contract: EC-SG REFORM/2025/OP/0001: Provision of consultancy services to support the design, development, implementation, monitoring and evaluation of structural reforms in EU Member State. Experts in this pool will be contac…",2025-07-09T01:10:24Z,Data Analyst,data and usecase analyst suptech solutions location europe duration short to mediumterm estimated workload shortterm assignments taskbased consultancy about the opportunity we are creating a pool of data and usecase analysts suptech solutions for a new fwc contract ecsg provision of consultancy services to support the design development implementation monitoring and evaluation of structural reforms in eu member state experts in this pool will be
Lead C++ Software Engineer (Gameplay),Playrix,"Veldhoven, Noord-Brabant","Playrix — одна из самых успешных компаний по разработке мобильных игр в мире. По доходам среди всех мобильных приложений мы входим в топ-3 в мире, а в Европе мы первые. Наши игры установили 2,3 миллиарда раз (треть населения Земли), каждый день в них играет более 30 миллионов людей по всему миру! У нас большие планы на развитие и рост наших проектов, именно поэтому мы ищем сильнейших экспертов в наши команды разработки. При этом опыт работы на С и/или в геймдеве совсем необязателен: у нас отлич…",2025-04-24T23:33:49Z,Software Engineer,playrix одна из самых успешных компаний по разработке мобильных игр в мире по доходам среди всех мобильных приложений мы входим в в мире а в европе мы первые наши игры установили миллиарда раз треть населения земли каждый день в них играет более миллионов людей по всему миру у нас большие планы на развитие и рост наших проектов именно поэтому мы ищем сильнейших экспертов в наши команды разработки при этом опыт работы на с иили в геймдеве совсем необязателен у нас
Software Engineer (Remote) - Java/Angular,Doghouse Recruitment,"Veldhoven, Noord-Brabant","Full-Stack Engineer · Java/Spring Boot & Angular · Remote Europe · Up To €65K  Benefits Are you a hands-on engineer who enjoys building useful products and solving real problems for modern, distributed teams? Want to work in a fast-moving SaaS environment that values flexibility, ownership, and async communication? Join a fully remote company that’s redefining how global teams handle business travel and employee mobility. With products already live in Vacations, Business Travel, and Visas, they…",2025-08-01T02:59:35Z,Software Engineer,fullstack engineer javaspring boot angular remote europe up to benefits are you a handson engineer who enjoys building useful products and solving real problems for modern distributed teams want to work in a fastmoving saas environment that values flexibility ownership and async communication join a fully remote company redefining how global teams handle business travel and employee mobility with products already live in vacations business travel and visas
Senior C++ Software Engineer (Gameplay),Playrix,"Veldhoven, Noord-Brabant","Playrix — одна из самых успешных компаний по разработке мобильных игр в мире. По доходам среди всех мобильных приложений мы входим в топ-3 в мире, а в Европе мы первые. Наши игры установили 2,3 миллиарда раз (треть населения Земли), каждый день в них играет более 30 миллионов людей по всему миру! У нас большие планы на развитие и рост наших проектов, именно поэтому мы ищем сильнейших экспертов в наши команды разработки. При этом опыт работы на С и/или в геймдеве совсем необязателен: у нас отлич…",2025-04-24T23:33:47Z,Software Engineer,playrix одна из самых успешных компаний по разработке мобильных игр в мире по доходам среди всех мобильных приложений мы входим в в мире а в европе мы первые наши игры установили миллиарда раз треть населения земли каждый день в них играет более миллионов людей по всему миру у нас большие планы на развитие и рост наших проектов именно поэтому мы ищем сильнейших экспертов в наши команды разработки при этом опыт работы на с иили в геймдеве совсем необязателен у нас
Junior Projectleider,Regel Partners B.V. - System Integrators met inhoud,"Veldhoven, Noord-Brabant","Gebouwen worden steeds slimmer en dat maakt de wereld van Regel Partners enorm uitdagend! Onze organisatie automatiseert en visualiseert alle denkbare installaties in en rondom gebouwen. Wij houden van toonaangevende, aansprekende en duurzame projecten. Jij ook? Als Junior Projectleider ben je verantwoordelijk voor het verrichten van de werkvoorbereiding en (software) engineering van projecten en het daarbij realiseren en calculeren van meer- en minderwerk. Je bent een belangrijke schakel in he…",2025-07-09T07:12:11Z,Software Engineer,gebouwen worden steeds slimmer en dat maakt de wereld van regel partners enorm uitdagend onze organisatie automatiseert en visualiseert alle denkbare installaties in en rondom gebouwen wij houden van toonaangevende aansprekende en duurzame projecten jij ook als junior projectleider ben je verantwoordelijk voor het verrichten van de werkvoorbereiding en software engineering van projecten en het daarbij realiseren en calculeren van meer en minderwerk je bent een belangrijke schakel in
Senior Software Design Engineer,ASML,"Veldhoven, Noord-Brabant","ASML is leading in the worldwide development, production, sales of high end lithography systems for the semiconductor industry. Worldwide over 20.000 people work at AS ASML is leading in the worldwide development, production and sales of high end lithography systems for the semiconductor industry. Worldwide over 20.000 people work at ASML, with important settlings in the United States, Asia and the head office in Veldhoven. The employees of ASML share the passion for technology with a customer …",2023-12-18T12:35:50Z,Software Engineer,asml is leading in the worldwide development production sales of high end lithography systems for the semiconductor industry worldwide over people work at as asml is leading in the worldwide development production and sales of high end lithography systems for the semiconductor industry worldwide over people work at asml with important settlings in the united states asia and the head office in veldhoven the employees of asml share the passion for technology with a customer
Master/PhD in Computer Science,Innodata Inc.,"Veldhoven, Noord-Brabant","Job Title: AI Trainer (LLM Training – Computer Science Domain) Location: Remote About the Role: We are seeking highly qualified individuals with a Master’s or PhD in Computer Science to join our AI development team as AI Trainers . In this role, you will use your deep technical knowledge to evaluate, annotate, and provide structured feedback on AI-generated content produced by Large Language Models (LLMs). Your expertise will bring a level of precision, technical depth, and computational reason…",2025-07-23T19:03:04Z,Software Engineer,job title ai trainer llm training computer science domain location remote about the role we are seeking highly qualified individuals with a or phd in computer science to join our ai development team as ai trainers in this role you will use your deep technical knowledge to evaluate annotate and provide structured feedback on aigenerated content produced by large language models llms your expertise will bring a level of precision technical depth and computational
Software Design Engineer for Metrology,ASML,"Veldhoven, Noord-Brabant",Are you an expert in requirements engineering and challenged by translating functional requirements into lean software designs?Do you combine strong analytical reasoning and concep Introduction Are you an expert in requirements engineering and challenged by translating functional requirements into lean software designs?Do you combine strong analytical reasoning and conceptual understanding with excellent communication skills? Job Mission Metrology software orchestrates the behavior of powerful …,2023-12-18T12:35:48Z,Software Engineer,are you an expert in requirements engineering and challenged by translating functional requirements into lean software designsdo you combine strong analytical reasoning and concep introduction are you an expert in requirements engineering and challenged by translating functional requirements into lean software designsdo you combine strong analytical reasoning and conceptual understanding with excellent communication skills job mission metrology software orchestrates the behavior of powerful
Recruitment Consultant,Orange Quarter,"Veldhoven, Noord-Brabant","Orange Quarter is looking for a Recruitment Consultant to join a high performing team recruitment team in Amsterdam. We work with some of Amsterdam's best-known startups and scale ups to help them hire across AI, Data, Software Engineering and Product. As a Recruitment Consultant, you might not have previous recruitment experience however, the ideal candidate will at least have a strong understanding of sales and relationship building. You will need to be confident in building relationships, wh…",2025-08-01T03:01:23Z,Software Engineer,orange quarter is looking for a recruitment consultant to join a high performing team recruitment team in amsterdam we work with some of amsterdams bestknown startups and scale ups to help them hire across ai data software engineering and product as a recruitment consultant you might not have previous recruitment experience however the ideal candidate will at least have a strong understanding of sales and relationship building you will need to be confident in building relationships
Scrum Master - Embedded Software Design Engineering,ASML,"Veldhoven, Noord-Brabant",Would you like to be the leader of a team of 10 to 12 people whose mission is to develop software for one of our products in an AGILE/SAFe environment? Are you the self-starter who Introduction Would you like to be the leader of a team of 10 to 12 people whose mission is to develop software for one of our products in an AGILE/SAFe environment? Are you the self-starter who can deliver successfully although you do not have all the requirements at the start? Do you like to cooperate with physicist…,2024-02-13T13:02:07Z,Software Engineer,would you like to be the leader of a team of to people whose mission is to develop software for one of our products in an agilesafe environment are you the selfstarter who introduction would you like to be the leader of a team of to people whose mission is to develop software for one of our products in an agilesafe environment are you the selfstarter who can deliver successfully although you do not have all the requirements at the start do you like to cooperate with
Javascript Developer,La Fosse,"Veldhoven, Noord-Brabant","Senior JavaScript / Node.js Engineer Location: Hybrid/Remote options (Netherlands) Salary: €5,800 – €7,200 per month (based on 40h/week) A fast-moving product company based in the Netherlands is looking for a Senior JavaScript / Node.js Engineer to join their growing tech team. You’ll work on high-impact digital platforms used across Europe, with a strong focus on performance, scalability, and clean architecture. You’ll play a key role in building back-end services using Node.js and TypeScript,…",2025-07-09T07:11:50Z,Software Engineer,senior javascript nodejs engineer location hybridremote options netherlands salary per month based on a fastmoving product company based in the netherlands is looking for a senior javascript nodejs engineer to join their growing tech team work on highimpact digital platforms used across europe with a strong focus on performance scalability and clean architecture play a key role in building backend services using nodejs and
.NET Fullstack Developer,OBSS,"Veldhoven, Noord-Brabant","We are looking for a skilled .NET Fullstack Developer with a strong background in projects to contribute to the design, development, and maintenance of our payment service software applications. You will work closely with cross-functional teams to deliver high-quality solutions that meet the unique needs of our payment systems client. QUALIFICATIONS Bachelor's degree in Computer Science, Software Engineering, or a related field, Senior Full Stack: NET core 3.1 or .NET 6 (8yrs exp), React( 6yrs …",2025-07-31T22:44:51Z,Software Engineer,we are looking for a skilled net fullstack developer with a strong background in projects to contribute to the design development and maintenance of our payment service software applications you will work closely with crossfunctional teams to deliver highquality solutions that meet the unique needs of our payment systems client qualifications bachelors degree in computer science software engineering or a related field senior full stack net core or net exp react
Yieldstar Product Architect,ASML,"Veldhoven, Noord-Brabant",Do you like working on cutting edge metrology systems? Working on the forefront on what is possible and realizing Moore's law? Then check this out Job Mission Translate the product requirements for the YieldStar system and its applications into software specific requirements and update the software architecture. Job Description You will build a thorough knowledge of the YieldStar products developed in the Applications Business Line; and participate in the definition of these products. You will …,2024-02-13T13:02:07Z,Software Engineer,do you like working on cutting edge metrology systems working on the forefront on what is possible and realizing moores law then check this out job mission translate the product requirements for the yieldstar system and its applications into software specific requirements and update the software architecture job description you will build a thorough knowledge of the yieldstar products developed in the applications business line and participate in the definition of these products you will
Graduation assignment: Data mining to pro-actively detect issues,ASML,"Veldhoven, Noord-Brabant",This is a graduation assignment for a master's student in Software Engineering or a related field. Introduction This is a graduation assignment for a master's student in Software Engineering or a related field. Job Mission Reliability of software is very important for our customers. However we don’t know all issues which occur at customer locations and we only react to issues which are being escalated (re-actively). Job Description Our installed base is very large and contains a lot of informat…,2024-02-13T13:02:08Z,Software Engineer,this is a graduation assignment for a masters student in software engineering or a related field introduction this is a graduation assignment for a masters student in software engineering or a related field job mission reliability of software is very important for our customers however we know all issues which occur at customer locations and we only react to issues which are being escalated reactively job description our installed base is very large and contains a lot of
Graduation assignment: Identify requirements and the optimal solution for simulation batching,ASML,"Veldhoven, Noord-Brabant","Are you a Bachelor student in Computer Science, Software Engineering or Physics and looking for a graduation assignment? Then this internship might be interesting for you. Introduction Are you a Bachelor student in Computer Science, Software Engineering or Physics and looking for a graduation assignment? Then this internship might be interesting for you. Job Mission The Imaging groups in ASML use simulation tools to predict the imaging performance of the ASML products. Due to an increasing numb…",2023-12-18T12:35:46Z,Software Engineer,are you a bachelor student in computer science software engineering or physics and looking for a graduation assignment then this internship might be interesting for you introduction are you a bachelor student in computer science software engineering or physics and looking for a graduation assignment then this internship might be interesting for you job mission the imaging groups in asml use simulation tools to predict the imaging performance of the asml products due to an increasing
Data Scientist,eTeam,"Veldhoven, Noord-Brabant","Role: Data Scientists Salary : 103k per annum  holidays Contract Position Duration : 11-Aug-2025 - 28-Feb-2026 Remote in the Netherlands with a Valid work visa Description: You will work in Data & Analytics together with other Data Scientists, Data Engineers, Data Analysts, Machine Learning Engineers, Data Stewards and Data Architects. Together you will be joining cross-functional teams consisting of colleagues from Technology, Product and Design from the business domain of Business Support. We…",2025-07-31T22:44:49Z,Software Engineer,role data scientists salary per annum holidays contract position duration remote in the netherlands with a valid work visa description you will work in data analytics together with other data scientists data engineers data analysts machine learning engineers data stewards and data architects together you will be joining crossfunctional teams consisting of colleagues from technology product and design from the business domain of business support
Front end Developer,CIMSOLUTIONS,"Veldhoven, Noord-Brabant","Als Front-end Developer ben je verantwoordelijk voor het ontwikkelen en onderhouden van gebruiksvriendelijke en visueel aantrekkelijke interfaces voor webapplicaties. Je werkt nauw samen met UX/UI-designers en back-end developers om designs te vertalen naar functionele en responsieve interfaces. Daarnaast draag je bij aan het verbeteren van de gebruikerservaring en performance van de applicaties. Dit doe je bij of voor onze gerenommeerde klanten waaronder Belastingdienst, Gemeente Den Haag, Cen…",2025-07-09T07:11:39Z,Software Engineer,als frontend developer ben je verantwoordelijk voor het ontwikkelen en onderhouden van gebruiksvriendelijke en visueel aantrekkelijke interfaces voor webapplicaties je werkt nauw samen met uxuidesigners en backend developers om designs te vertalen naar functionele en responsieve interfaces daarnaast draag je bij aan het verbeteren van de gebruikerservaring en performance van de applicaties dit doe je bij of voor onze gerenommeerde klanten waaronder belastingdienst gemeente den haag
Graduation assignment: Boost Usability of myChange Software as UX / UI Designer,ASML,"Veldhoven, Noord-Brabant","Youare a Master or a Bachelor student in a University of Applied Sciences orUniversity in Software Engineering/Computer Science who is looking for a graduation assignment? Introduction You are a Master or a Bachelor student in a University of Applied Sciences or University in Software Engineering/Computer Science who is looking for a graduation assignment. Job Mission ASML’s machineschange 60% for each new version. For all changes costs, benefit, timing, anddependencies are taken into account. …",2023-10-20T13:24:53Z,Software Engineer,youare a master or a bachelor student in a university of applied sciences oruniversity in software engineeringcomputer science who is looking for a graduation assignment introduction you are a master or a bachelor student in a university of applied sciences or university in software engineeringcomputer science who is looking for a graduation assignment job mission machineschange for each new version for all changes costs benefit timing anddependencies are taken into account
IT Software Configuration Management Architect,ASML,"Veldhoven, Noord-Brabant","Founded in 1984, ASML is the world's leading provider of lithography systems for the semiconductor industry, manufacturing complex machines that are critical to the production of i Introduction Founded in 1984, ASML is the world's leading provider of lithography systems for the semiconductor industry, manufacturing complex machines that are critical to the production of integrated circuits or chips. ASML has its R&D and manufacturing operations in Wilton, Connecticut and in Veldhoven, the Nethe…",2023-12-18T12:35:47Z,Software Engineer,founded in asml is the worlds leading provider of lithography systems for the semiconductor industry manufacturing complex machines that are critical to the production of i introduction founded in asml is the worlds leading provider of lithography systems for the semiconductor industry manufacturing complex machines that are critical to the production of integrated circuits or chips asml has its rd and manufacturing operations in wilton connecticut and in veldhoven the
Senior System Industrialization Engineer,Synsel Techniek,"Veldhoven, Noord-Brabant","Hier ga je werken Locatie: Veldhoven. Dit bedrijf is een voorloper in de high-tech machinebouw en richt zich op de ontwikkeling van geavanceerde technologieën voor de halfgeleiderindustrie. Gevestigd in Veldhoven, speelt deze organisatie een cruciale rol in het leveren van hardware, software en diensten aan chipfabrikanten over de hele wereld. Het bedrijf biedt een dynamische en innovatieve werkomgeving waar samenwerking en creativiteit centraal staan. Werknemers krijgen de kans om te werken aa…",2025-07-25T13:12:46Z,Software Engineer,hier ga je werken locatie veldhoven dit bedrijf is een voorloper in de hightech machinebouw en richt zich op de ontwikkeling van geavanceerde technologieën voor de halfgeleiderindustrie gevestigd in veldhoven speelt deze organisatie een cruciale rol in het leveren van hardware software en diensten aan chipfabrikanten over de hele wereld het bedrijf biedt een dynamische en innovatieve werkomgeving waar samenwerking en creativiteit centraal staan werknemers krijgen de kans om te werken
Internship: Optimization of the sequence generation and merging capability of service actions,ASML,"Veldhoven, Noord-Brabant",Are you a Bachelor or Master student in IT / Software Engineering with a strong affinity with technology? Then this internship could be interesting for you. Introduction Are you a Bachelor or Master student in IT / Software Engineering with a strong affinity with technology? Then this internship could be interesting for you. Job Mission As the Service Design & Engineering department of ASML we deliver structural embedded solutions to the field engineers and our customers. You can be a part off …,2023-12-18T12:35:49Z,Software Engineer,are you a bachelor or master student in it software engineering with a strong affinity with technology then this internship could be interesting for you introduction are you a bachelor or master student in it software engineering with a strong affinity with technology then this internship could be interesting for you job mission as the service design engineering department of asml we deliver structural embedded solutions to the field engineers and our customers you can be a part off
Internship: signal improvement of level sensor software simulator,ASML,"Veldhoven, Noord-Brabant",Are you a Bachelor student in Software Engineering with an interest in efficient signal simulation and generation? Then this graduation assignment could be interesting for you. Introduction Are you a Bachelor student in Software Engineering with an interest in efficient signal simulation and generation? Then this apprentice / graduation assignment could be interesting for you. Job Mission ASML is market leader in high-end exposure tools for the chip industry. A sub-function of this tool is the …,2024-02-13T13:02:07Z,Software Engineer,are you a bachelor student in software engineering with an interest in efficient signal simulation and generation then this graduation assignment could be interesting for you introduction are you a bachelor student in software engineering with an interest in efficient signal simulation and generation then this apprentice graduation assignment could be interesting for you job mission asml is market leader in highend exposure tools for the chip industry a subfunction of this tool is the
Senior Java Developer,Cross Border Talents,"Veldhoven, Noord-Brabant","Currently, Cross Border Talents are in search of a Senior Java Developer for one of our clients in the Netherlands. The company in question is a renowned Dutch agency specialized in the recruitment and relocation of technical specialists for the Netherlands. Some of the names they work with include clients like ASML, VDL, DAF Trucks, Siemens and many more. For one of their projects for an international innovation leader in the semiconductor industry, they are looking for a Java Developer. You’l…",2023-05-02T16:48:45Z,Software Engineer,currently cross border talents are in search of a senior java developer for one of our clients in the netherlands the company in question is a renowned dutch agency specialized in the recruitment and relocation of technical specialists for the netherlands some of the names they work with include clients like asml vdl daf trucks siemens and many more for one of their projects for an international innovation leader in the semiconductor industry they are looking for a java developer
Senior Embedded Software Designer,ASML,"Veldhoven, Noord-Brabant","ASML is leading in the worldwide development, production and sales of high-end lithography systems for the semiconductor industry. Worldwide over 10.000 people work at ASML, with i Introduction ASML is leading in the worldwide development, production and sales of high-end lithography systems for the semiconductor industry. Worldwide over 10.000 people work at ASML, with important settlings in the United States, Asia and the head office in Veldhoven. The employees of ASML share the passion for t…",2023-12-18T12:35:49Z,Software Engineer,asml is leading in the worldwide development production and sales of highend lithography systems for the semiconductor industry worldwide over people work at asml with i introduction asml is leading in the worldwide development production and sales of highend lithography systems for the semiconductor industry worldwide over people work at asml with important settlings in the united states asia and the head office in veldhoven the employees of asml share the passion for
DevOps Engineer,Cross Border Talents,"Veldhoven, Noord-Brabant","Currently, Cross Border Talents are in search of a DevOps Engineer for one of our clients in the Netherlands. The company in question is a renowned Dutch agency specialized in the recruitment and relocation of technical specialists for the Netherlands. Some of the names they work with include clients like ASML, VDL, DAF Trucks, Siemens and many more. For one of their projects for a company which is an international innovation leader in the semiconductor industry, they are looking for a DevOps E…",2023-04-09T18:13:14Z,Software Engineer,currently cross border talents are in search of a devops engineer for one of our clients in the netherlands the company in question is a renowned dutch agency specialized in the recruitment and relocation of technical specialists for the netherlands some of the names they work with include clients like asml vdl daf trucks siemens and many more for one of their projects for a company which is an international innovation leader in the semiconductor industry they are looking for a devops
Senior Java Engineer,ALTEN Nederland,"Veldhoven, Noord-Brabant","The Position As part of our continued growth, we are looking for a Java Engineer to join our team and contribute to ongoing client projects in Apeldoorn. As a Senior Java Engineer at ALTEN Netherlands, you will play a crucial role in developing and optimizing complex software systems. Your work will involve building scalable applications, improving performance, and ensuring high-quality solutions for a wide range of projects across diverse industries. You will be responsible for addressing tech…",2025-08-01T03:01:03Z,Software Engineer,the position as part of our continued growth we are looking for a java engineer to join our team and contribute to ongoing client projects in apeldoorn as a senior java engineer at alten netherlands you will play a crucial role in developing and optimizing complex software systems your work will involve building scalable applications improving performance and ensuring highquality solutions for a wide range of projects across diverse industries you will be responsible for addressing
Internship: The measurement of stack usage,ASML,"Veldhoven, Noord-Brabant","ASML is market leader in high end exposure tools for the chip industry. A sub-function of the exposure tool is stage position measurement, of which the core functionality is to c Introduction Are you a Bachelor student in Software Engineering with an understanding of microprocessor architectures with an interest in memory allocation or usage in an embedded environment? Then this internship could be interesting for you. Job Mission ASML is market leader in high end exposure tools for the chip in…",2024-02-13T13:02:07Z,Software Engineer,asml is market leader in high end exposure tools for the chip industry a subfunction of the exposure tool is stage position measurement of which the core functionality is to c introduction are you a bachelor student in software engineering with an understanding of microprocessor architectures with an interest in memory allocation or usage in an embedded environment then this internship could be interesting for you job mission asml is market leader in high end exposure tools for the chip
Internship: Investigate and develop new performance measurement techniques,ASML,"Veldhoven, Noord-Brabant",One of the most cutting-edge metrology instruments developed by ASML is the YieldStar (YS) system. The YS machine softwaredemands almost real time performance and therefore it Introduction Are you a Bachelor student in Software Engineering and interested in exploring different techniques of software profiling and software measurements? Then this internship assignment might be interesting for you. Job Mission One of the most cutting-edge metrology instruments developed by ASML is the YieldStar (…,2025-01-03T17:33:23Z,Software Engineer,one of the most cuttingedge metrology instruments developed by asml is the yieldstar ys system the ys machine softwaredemands almost real time performance and therefore it introduction are you a bachelor student in software engineering and interested in exploring different techniques of software profiling and software measurements then this internship assignment might be interesting for you job mission one of the most cuttingedge metrology instruments developed by asml is the yieldstar
Senior Test Automation Engineer (Embedded Software),ASML,"Veldhoven, Noord-Brabant","The Senior Test Automation Engineer (Embedded Software) is a member of the software development team and will be responsible for testing and automation related activities. Introduction The ASML sector Development & Engineering is responsible for specification and design of ASML products. In this sector, the department Embedded Software Design (ESD) ensures delivery of integrated embedded software solutions that support the business success of ASML with agreed quality, cost and in-time. The Seni…",2023-12-18T12:35:46Z,Software Engineer,the senior test automation engineer embedded software is a member of the software development team and will be responsible for testing and automation related activities introduction the asml sector development engineering is responsible for specification and design of asml products in this sector the department embedded software design esd ensures delivery of integrated embedded software solutions that support the business success of asml with agreed quality cost and intime the
Software Development Manager Applications,ASML,"Veldhoven, Noord-Brabant","You act as solution provider by driving development of new features and functions of the applications in your group. Introduction We are Applications - a dynamic business line within ASML, one of the world market leaders in scanning lithography technology. We make metrology equipment and create full-stack software control products that run in the most modern semiconductor fabs in the world, and we are always pushing the boundary of what is possible. We are looking to enhance our software develo…",2024-02-13T13:02:08Z,Software Engineer,you act as solution provider by driving development of new features and functions of the applications in your group introduction we are applications a dynamic business line within asml one of the world market leaders in scanning lithography technology we make metrology equipment and create fullstack software control products that run in the most modern semiconductor fabs in the world and we are always pushing the boundary of what is possible we are looking to enhance our software
Senior Hadoop Engineer,ASML,"Veldhoven, Noord-Brabant","Can you independently function as the IT Hadoop lead developer and coach teammembers in our Machine data valuestream? Introduction Can you independently function as the IT Hadoop lead developer and coach teammembers in our Machine data valuestream? If “yes” then we want to talk to you Job Mission We provide high quality innovative machine data solutions, that enable ASML, its customers and suppliers to develop their products and services. Job Description ASML is looking for a senior Hadoop deve…",2023-12-18T12:35:48Z,Software Engineer,can you independently function as the it hadoop lead developer and coach teammembers in our machine data valuestream introduction can you independently function as the it hadoop lead developer and coach teammembers in our machine data valuestream if then we want to talk to you job mission we provide high quality innovative machine data solutions that enable asml its customers and suppliers to develop their products and services job description asml is looking for a senior hadoop
Cloud Infrastructure Engineer,BDO,"Veldhoven, Noord-Brabant","About BDO BDO is the leading mid-tier professional services provider globally. In 2024, our core service lines (Audit & Assurance, Tax, Advisory, and Business Services & Outsourcing) generated annual revenues of over US$15 billion. With a worldwide community of over 119k professionals operating in 166 countries and territories, we’re dedicated to helping our clients navigate complex financial and strategic challenges, aligned to our core purpose ‘ People helping people. ’ Why join us? A great p…",2025-06-12T22:07:03Z,Cloud Engineer,about bdo bdo is the leading midtier professional services provider globally in our core service lines audit assurance tax advisory and business services outsourcing generated annual revenues of over billion with a worldwide community of over professionals operating in countries and territories dedicated to helping our clients navigate complex financial and strategic challenges aligned to our core purpose people helping people why join us a great
Network Security Engineer- Aruba,HCLTech,"Veldhoven, Noord-Brabant","We are a $13 billion global technology company, home to more than 224,000 people across 60 countries, delivering industry-leading capabilities centered around digital, engineering, cloud, and AI, powered by a broad portfolio of technology services and products. HCLTech is a globally recognized leader in the Tech and IT industry, but we’ve never forgotten the startup mindset that got us here. We’ve always approached our work with an idea-first attitude because every one of our accomplishments —n…",2025-07-20T09:00:26Z,Cloud Engineer,we are a billion global technology company home to more than people across countries delivering industryleading capabilities centered around digital engineering cloud and ai powered by a broad portfolio of technology services and products hcltech is a globally recognized leader in the tech and it industry but never forgotten the startup mindset that got us here always approached our work with an ideafirst attitude because every one of our accomplishments
Senior Java Engineer,ALTEN Nederland,"Veldhoven, Noord-Brabant","The Position As part of our continued growth, we are looking for a Java Engineer to join our team and contribute to ongoing client projects in Apeldoorn. As a Senior Java Engineer at ALTEN Netherlands, you will play a crucial role in developing and optimizing complex software systems. Your work will involve building scalable applications, improving performance, and ensuring high-quality solutions for a wide range of projects across diverse industries. You will be responsible for addressing tech…",2025-08-01T03:01:03Z,Junior Developer,the position as part of our continued growth we are looking for a java engineer to join our team and contribute to ongoing client projects in apeldoorn as a senior java engineer at alten netherlands you will play a crucial role in developing and optimizing complex software systems your work will involve building scalable applications improving performance and ensuring highquality solutions for a wide range of projects across diverse industries you will be responsible for addressing
Salesforce Sales Cloud Senior Developer / Team Lead,InterEx Group,"Veldhoven, Noord-Brabant","Job Description: Salesforce Sales Cloud Senior Developer / Team Lead Position: Salesforce Sales Cloud Senior Developer / Team Lead Location: Remote (Across Europe) Employment Type: [Full-time/Contract] Client Industry: Various Sectors Region: Europe About the Role: We are seeking a skilled Salesforce Sales Cloud Senior Developer / Team Lead to join our dynamic team for a key project. This role involves leading the development and implementation of Salesforce Sales Cloud solutions, working on co…",2025-06-04T08:02:56Z,Junior Developer,job description salesforce sales cloud senior developer team lead position salesforce sales cloud senior developer team lead location remote across europe employment type fulltimecontract client industry various sectors region europe about the role we are seeking a skilled salesforce sales cloud senior developer team lead to join our dynamic team for a key project this role involves leading the development and implementation of salesforce sales cloud solutions working on
